Title,Price,Rating,Availability
It's Only the Himalayas,£45.17,Two,In stock
You can't bury them all: Poems,£33.63,Two,In stock
The Natural History of Us (The Fine Art of Pretending #2),£45.22,Three,In stock
"Rat Queens, Vol. 3: Demons (Rat Queens (Collected Editions) #11-15)",£50.40,Three,In stock
In the Country We Love: My Family Divided,£22.00,Four,In stock
"Avatar: The Last Airbender: Smoke and Shadow, Part 3 (Smoke and Shadow #3)",£28.09,Two,In stock
The Stranger,£17.44,Four,In stock
The Cookies & Cups Cookbook: 125+ sweet & savory recipes reminding you to Always Eat Dessert First,£41.25,One,In stock
Mrs. Houdini,£30.25,Five,In stock
"Deliciously Ella Every Day: Quick and Easy Recipes for Gluten-Free Snacks, Packed Lunches, and Simple Meals",£42.16,Three,In stock
Why the Right Went Wrong: Conservatism--From Goldwater to the Tea Party and Beyond,£52.65,Four,In stock
The Rosie Project (Don Tillman #1),£54.04,One,In stock
Take Me with You,£45.21,Three,In stock
"Naruto (3-in-1 Edition), Vol. 14: Includes Vols. 40, 41 & 42 (Naruto: Omnibus #14)",£38.39,Two,In stock
"Hush, Hush (Hush, Hush #1)",£47.02,Three,In stock
Cometh the Hour (The Clifton Chronicles #6),£25.01,Three,In stock
Angels & Demons (Robert Langdon #1),£51.48,Three,In stock
The Silent Sister (Riley MacPherson #1),£46.29,Five,In stock
How to Speak Golf: An Illustrated Guide to Links Lingo,£58.32,Five,In stock
Off the Hook (Fishing for Trouble #1),£47.67,Three,In stock
10-Day Green Smoothie Cleanse: Lose Up to 15 Pounds in 10 Days!,£49.71,Five,In stock
Don't Forget Steven,£33.23,One,In stock
Shadows of the Past (Logan Point #1),£39.67,Five,In stock
History of Beauty,£10.29,Four,In stock
The Whale,£35.96,Four,In stock
Playing from the Heart,£32.38,One,In stock
Blue Like Jazz: Nonreligious Thoughts on Christian Spirituality,£25.77,One,In stock
The Collected Poems of W.B. Yeats (The Collected Works of W.B. Yeats #1),£15.42,Five,In stock
A Year in Provence (Provence #1),£56.88,Four,In stock
The Expatriates,£44.58,Two,In stock
Kill the Boy Band,£15.52,Five,In stock
America's War for the Greater Middle East: A Military History,£51.22,Two,In stock
Some Women,£13.73,Five,In stock
"Fruits Basket, Vol. 4 (Fruits Basket #4)",£50.44,Four,In stock
We Are All Completely Beside Ourselves,£24.04,One,In stock
The Smitten Kitchen Cookbook,£23.59,One,In stock
The Lonely Ones,£43.59,Five,In stock
The Day the Crayons Came Home (Crayons),£26.33,Five,In stock
Shopaholic & Baby (Shopaholic #5),£46.45,Two,In stock
One for the Money (Stephanie Plum #1),£32.87,Two,In stock
Lady Renegades (Rebel Belle #3),£53.04,Five,In stock
Golden (Heart of Dread #3),£42.21,Four,In stock
Cosmos,£36.17,Two,In stock
Are We Smart Enough to Know How Smart Animals Are?,£56.58,One,In stock
Girl Online On Tour (Girl Online #2),£53.47,One,In stock
The Selfish Gene,£29.45,One,In stock
The Communist Manifesto,£14.76,Three,In stock
One Second (Seven #7),£52.94,Two,In stock
"Fruits Basket, Vol. 1 (Fruits Basket #1)",£40.28,Five,In stock
"1,000 Places to See Before You Die",£26.08,Five,In stock
It's Only the Himalayas,£45.17,Two,In stock
You can't bury them all: Poems,£33.63,Two,In stock
The Natural History of Us (The Fine Art of Pretending #2),£45.22,Three,In stock
"Rat Queens, Vol. 3: Demons (Rat Queens (Collected Editions) #11-15)",£50.40,Three,In stock
In the Country We Love: My Family Divided,£22.00,Four,In stock
"Avatar: The Last Airbender: Smoke and Shadow, Part 3 (Smoke and Shadow #3)",£28.09,Two,In stock
The Stranger,£17.44,Four,In stock
The Cookies & Cups Cookbook: 125+ sweet & savory recipes reminding you to Always Eat Dessert First,£41.25,One,In stock
Mrs. Houdini,£30.25,Five,In stock
"Deliciously Ella Every Day: Quick and Easy Recipes for Gluten-Free Snacks, Packed Lunches, and Simple Meals",£42.16,Three,In stock
Why the Right Went Wrong: Conservatism--From Goldwater to the Tea Party and Beyond,£52.65,Four,In stock
The Rosie Project (Don Tillman #1),£54.04,One,In stock
Take Me with You,£45.21,Three,In stock
"Naruto (3-in-1 Edition), Vol. 14: Includes Vols. 40, 41 & 42 (Naruto: Omnibus #14)",£38.39,Two,In stock
"Hush, Hush (Hush, Hush #1)",£47.02,Three,In stock
Cometh the Hour (The Clifton Chronicles #6),£25.01,Three,In stock
Angels & Demons (Robert Langdon #1),£51.48,Three,In stock
The Silent Sister (Riley MacPherson #1),£46.29,Five,In stock
How to Speak Golf: An Illustrated Guide to Links Lingo,£58.32,Five,In stock
Off the Hook (Fishing for Trouble #1),£47.67,Three,In stock
10-Day Green Smoothie Cleanse: Lose Up to 15 Pounds in 10 Days!,£49.71,Five,In stock
Don't Forget Steven,£33.23,One,In stock
Shadows of the Past (Logan Point #1),£39.67,Five,In stock
History of Beauty,£10.29,Four,In stock
The Whale,£35.96,Four,In stock
Playing from the Heart,£32.38,One,In stock
Blue Like Jazz: Nonreligious Thoughts on Christian Spirituality,£25.77,One,In stock
The Collected Poems of W.B. Yeats (The Collected Works of W.B. Yeats #1),£15.42,Five,In stock
A Year in Provence (Provence #1),£56.88,Four,In stock
The Expatriates,£44.58,Two,In stock
Kill the Boy Band,£15.52,Five,In stock
America's War for the Greater Middle East: A Military History,£51.22,Two,In stock
Some Women,£13.73,Five,In stock
"Fruits Basket, Vol. 4 (Fruits Basket #4)",£50.44,Four,In stock
We Are All Completely Beside Ourselves,£24.04,One,In stock
The Smitten Kitchen Cookbook,£23.59,One,In stock
The Lonely Ones,£43.59,Five,In stock
The Day the Crayons Came Home (Crayons),£26.33,Five,In stock
Shopaholic & Baby (Shopaholic #5),£46.45,Two,In stock
One for the Money (Stephanie Plum #1),£32.87,Two,In stock
Lady Renegades (Rebel Belle #3),£53.04,Five,In stock
Golden (Heart of Dread #3),£42.21,Four,In stock
Cosmos,£36.17,Two,In stock
Are We Smart Enough to Know How Smart Animals Are?,£56.58,One,In stock
Girl Online On Tour (Girl Online #2),£53.47,One,In stock
The Selfish Gene,£29.45,One,In stock
The Communist Manifesto,£14.76,Three,In stock
One Second (Seven #7),£52.94,Two,In stock
"Fruits Basket, Vol. 1 (Fruits Basket #1)",£40.28,Five,In stock
"1,000 Places to See Before You Die",£26.08,Five,In stock
"1,000 Places to See Before You Die",£26.08,Five,In stock
"1,000 Places to See Before You Die",£26.08,Five,In stock
"1,000 Places to See Before You Die",£26.08,Five,In stock
"1,000 Places to See Before You Die",£26.08,Five,In stock
"1,000 Places to See Before You Die",£26.08,Five,In stock
"1,000 Places to See Before You Die",£26.08,Five,In stock
"1,000 Places to See Before You Die",£26.08,Five,In stock
"1,000 Places to See Before You Die",£26.08,Five,In stock
"1,000 Places to See Before You Die",£26.08,Five,In stock
"1,000 Places to See Before You Die",£26.08,Five,In stock
"1,000 Places to See Before You Die",£26.08,Five,In stock
"1,000 Places to See Before You Die",£26.08,Five,In stock
"1,000 Places to See Before You Die",£26.08,Five,In stock
"1,000 Places to See Before You Die",£26.08,Five,In stock
"1,000 Places to See Before You Die",£26.08,Five,In stock
"1,000 Places to See Before You Die",£26.08,Five,In stock
"1,000 Places to See Before You Die",£26.08,Five,In stock
"1,000 Places to See Before You Die",£26.08,Five,In stock
"1,000 Places to See Before You Die",£26.08,Five,In stock
"1,000 Places to See Before You Die",£26.08,Five,In stock
"1,000 Places to See Before You Die",£26.08,Five,In stock
"1,000 Places to See Before You Die",£26.08,Five,In stock
"1,000 Places to See Before You Die",£26.08,Five,In stock
"1,000 Places to See Before You Die",£26.08,Five,In stock
"1,000 Places to See Before You Die",£26.08,Five,In stock
"1,000 Places to See Before You Die",£26.08,Five,In stock
"1,000 Places to See Before You Die",£26.08,Five,In stock
"1,000 Places to See Before You Die",£26.08,Five,In stock
"1,000 Places to See Before You Die",£26.08,Five,In stock
"1,000 Places to See Before You Die",£26.08,Five,In stock
"1,000 Places to See Before You Die",£26.08,Five,In stock
"1,000 Places to See Before You Die",£26.08,Five,In stock
"1,000 Places to See Before You Die",£26.08,Five,In stock
"1,000 Places to See Before You Die",£26.08,Five,In stock
"1,000 Places to See Before You Die",£26.08,Five,In stock
"1,000 Places to See Before You Die",£26.08,Five,In stock
"1,000 Places to See Before You Die",£26.08,Five,In stock
"1,000 Places to See Before You Die",£26.08,Five,In stock
"1,000 Places to See Before You Die",£26.08,Five,In stock
"1,000 Places to See Before You Die",£26.08,Five,In stock
"1,000 Places to See Before You Die",£26.08,Five,In stock
"1,000 Places to See Before You Die",£26.08,Five,In stock
"1,000 Places to See Before You Die",£26.08,Five,In stock
"1,000 Places to See Before You Die",£26.08,Five,In stock
"1,000 Places to See Before You Die",£26.08,Five,In stock
"1,000 Places to See Before You Die",£26.08,Five,In stock
"1,000 Places to See Before You Die",£26.08,Five,In stock
"1,000 Places to See Before You Die",£26.08,Five,In stock
"1,000 Places to See Before You Die",£26.08,Five,In stock
"1,000 Places to See Before You Die",£26.08,Five,In stock
"1,000 Places to See Before You Die",£26.08,Five,In stock
"1,000 Places to See Before You Die",£26.08,Five,In stock
"1,000 Places to See Before You Die",£26.08,Five,In stock
"1,000 Places to See Before You Die",£26.08,Five,In stock
"1,000 Places to See Before You Die",£26.08,Five,In stock
"1,000 Places to See Before You Die",£26.08,Five,In stock
"1,000 Places to See Before You Die",£26.08,Five,In stock
"1,000 Places to See Before You Die",£26.08,Five,In stock
"1,000 Places to See Before You Die",£26.08,Five,In stock
"1,000 Places to See Before You Die",£26.08,Five,In stock
"1,000 Places to See Before You Die",£26.08,Five,In stock
"1,000 Places to See Before You Die",£26.08,Five,In stock
"1,000 Places to See Before You Die",£26.08,Five,In stock
"1,000 Places to See Before You Die",£26.08,Five,In stock
"1,000 Places to See Before You Die",£26.08,Five,In stock
"1,000 Places to See Before You Die",£26.08,Five,In stock
"1,000 Places to See Before You Die",£26.08,Five,In stock
"1,000 Places to See Before You Die",£26.08,Five,In stock
"1,000 Places to See Before You Die",£26.08,Five,In stock
"1,000 Places to See Before You Die",£26.08,Five,In stock
"1,000 Places to See Before You Die",£26.08,Five,In stock
"1,000 Places to See Before You Die",£26.08,Five,In stock
"1,000 Places to See Before You Die",£26.08,Five,In stock
"1,000 Places to See Before You Die",£26.08,Five,In stock
"1,000 Places to See Before You Die",£26.08,Five,In stock
"1,000 Places to See Before You Die",£26.08,Five,In stock
"1,000 Places to See Before You Die",£26.08,Five,In stock
"1,000 Places to See Before You Die",£26.08,Five,In stock
"1,000 Places to See Before You Die",£26.08,Five,In stock
"1,000 Places to See Before You Die",£26.08,Five,In stock
"1,000 Places to See Before You Die",£26.08,Five,In stock
"1,000 Places to See Before You Die",£26.08,Five,In stock
"1,000 Places to See Before You Die",£26.08,Five,In stock
"1,000 Places to See Before You Die",£26.08,Five,In stock
"1,000 Places to See Before You Die",£26.08,Five,In stock
"1,000 Places to See Before You Die",£26.08,Five,In stock
"1,000 Places to See Before You Die",£26.08,Five,In stock
"1,000 Places to See Before You Die",£26.08,Five,In stock
"1,000 Places to See Before You Die",£26.08,Five,In stock
"1,000 Places to See Before You Die",£26.08,Five,In stock
"1,000 Places to See Before You Die",£26.08,Five,In stock
"1,000 Places to See Before You Die",£26.08,Five,In stock
"1,000 Places to See Before You Die",£26.08,Five,In stock
"1,000 Places to See Before You Die",£26.08,Five,In stock
"1,000 Places to See Before You Die",£26.08,Five,In stock
"1,000 Places to See Before You Die",£26.08,Five,In stock
"1,000 Places to See Before You Die",£26.08,Five,In stock
"1,000 Places to See Before You Die",£26.08,Five,In stock
"1,000 Places to See Before You Die",£26.08,Five,In stock
"1,000 Places to See Before You Die",£26.08,Five,In stock
"1,000 Places to See Before You Die",£26.08,Five,In stock
"1,000 Places to See Before You Die",£26.08,Five,In stock
"1,000 Places to See Before You Die",£26.08,Five,In stock
"1,000 Places to See Before You Die",£26.08,Five,In stock
"1,000 Places to See Before You Die",£26.08,Five,In stock
"1,000 Places to See Before You Die",£26.08,Five,In stock
"1,000 Places to See Before You Die",£26.08,Five,In stock
"1,000 Places to See Before You Die",£26.08,Five,In stock
"1,000 Places to See Before You Die",£26.08,Five,In stock
"1,000 Places to See Before You Die",£26.08,Five,In stock
"1,000 Places to See Before You Die",£26.08,Five,In stock
"1,000 Places to See Before You Die",£26.08,Five,In stock
"1,000 Places to See Before You Die",£26.08,Five,In stock
"1,000 Places to See Before You Die",£26.08,Five,In stock
"1,000 Places to See Before You Die",£26.08,Five,In stock
"1,000 Places to See Before You Die",£26.08,Five,In stock
"1,000 Places to See Before You Die",£26.08,Five,In stock
"1,000 Places to See Before You Die",£26.08,Five,In stock
"1,000 Places to See Before You Die",£26.08,Five,In stock
"1,000 Places to See Before You Die",£26.08,Five,In stock
"1,000 Places to See Before You Die",£26.08,Five,In stock
"1,000 Places to See Before You Die",£26.08,Five,In stock
"1,000 Places to See Before You Die",£26.08,Five,In stock
"1,000 Places to See Before You Die",£26.08,Five,In stock
"1,000 Places to See Before You Die",£26.08,Five,In stock
"1,000 Places to See Before You Die",£26.08,Five,In stock
"1,000 Places to See Before You Die",£26.08,Five,In stock
"1,000 Places to See Before You Die",£26.08,Five,In stock
"1,000 Places to See Before You Die",£26.08,Five,In stock
"1,000 Places to See Before You Die",£26.08,Five,In stock
"1,000 Places to See Before You Die",£26.08,Five,In stock
"1,000 Places to See Before You Die",£26.08,Five,In stock
"1,000 Places to See Before You Die",£26.08,Five,In stock
"1,000 Places to See Before You Die",£26.08,Five,In stock
"1,000 Places to See Before You Die",£26.08,Five,In stock
"1,000 Places to See Before You Die",£26.08,Five,In stock
"1,000 Places to See Before You Die",£26.08,Five,In stock
"1,000 Places to See Before You Die",£26.08,Five,In stock
"1,000 Places to See Before You Die",£26.08,Five,In stock
"1,000 Places to See Before You Die",£26.08,Five,In stock
"1,000 Places to See Before You Die",£26.08,Five,In stock
"1,000 Places to See Before You Die",£26.08,Five,In stock
"1,000 Places to See Before You Die",£26.08,Five,In stock
"1,000 Places to See Before You Die",£26.08,Five,In stock
"1,000 Places to See Before You Die",£26.08,Five,In stock
"1,000 Places to See Before You Die",£26.08,Five,In stock
"1,000 Places to See Before You Die",£26.08,Five,In stock
"1,000 Places to See Before You Die",£26.08,Five,In stock
"1,000 Places to See Before You Die",£26.08,Five,In stock
"1,000 Places to See Before You Die",£26.08,Five,In stock
"1,000 Places to See Before You Die",£26.08,Five,In stock
"1,000 Places to See Before You Die",£26.08,Five,In stock
"1,000 Places to See Before You Die",£26.08,Five,In stock
"1,000 Places to See Before You Die",£26.08,Five,In stock
"1,000 Places to See Before You Die",£26.08,Five,In stock
"1,000 Places to See Before You Die",£26.08,Five,In stock
"1,000 Places to See Before You Die",£26.08,Five,In stock
"1,000 Places to See Before You Die",£26.08,Five,In stock
"1,000 Places to See Before You Die",£26.08,Five,In stock
"1,000 Places to See Before You Die",£26.08,Five,In stock
"1,000 Places to See Before You Die",£26.08,Five,In stock
"1,000 Places to See Before You Die",£26.08,Five,In stock
"1,000 Places to See Before You Die",£26.08,Five,In stock
"1,000 Places to See Before You Die",£26.08,Five,In stock
"1,000 Places to See Before You Die",£26.08,Five,In stock
"1,000 Places to See Before You Die",£26.08,Five,In stock
"1,000 Places to See Before You Die",£26.08,Five,In stock
"1,000 Places to See Before You Die",£26.08,Five,In stock
"1,000 Places to See Before You Die",£26.08,Five,In stock
"1,000 Places to See Before You Die",£26.08,Five,In stock
"1,000 Places to See Before You Die",£26.08,Five,In stock
"1,000 Places to See Before You Die",£26.08,Five,In stock
"1,000 Places to See Before You Die",£26.08,Five,In stock
"1,000 Places to See Before You Die",£26.08,Five,In stock
"1,000 Places to See Before You Die",£26.08,Five,In stock
"1,000 Places to See Before You Die",£26.08,Five,In stock
"1,000 Places to See Before You Die",£26.08,Five,In stock
"1,000 Places to See Before You Die",£26.08,Five,In stock
"1,000 Places to See Before You Die",£26.08,Five,In stock
"1,000 Places to See Before You Die",£26.08,Five,In stock
"1,000 Places to See Before You Die",£26.08,Five,In stock
"1,000 Places to See Before You Die",£26.08,Five,In stock
"1,000 Places to See Before You Die",£26.08,Five,In stock
"1,000 Places to See Before You Die",£26.08,Five,In stock
"1,000 Places to See Before You Die",£26.08,Five,In stock
"1,000 Places to See Before You Die",£26.08,Five,In stock
"1,000 Places to See Before You Die",£26.08,Five,In stock
"1,000 Places to See Before You Die",£26.08,Five,In stock
"1,000 Places to See Before You Die",£26.08,Five,In stock
"1,000 Places to See Before You Die",£26.08,Five,In stock
"1,000 Places to See Before You Die",£26.08,Five,In stock
"1,000 Places to See Before You Die",£26.08,Five,In stock
"1,000 Places to See Before You Die",£26.08,Five,In stock
"1,000 Places to See Before You Die",£26.08,Five,In stock
"1,000 Places to See Before You Die",£26.08,Five,In stock
"1,000 Places to See Before You Die",£26.08,Five,In stock
"1,000 Places to See Before You Die",£26.08,Five,In stock
"1,000 Places to See Before You Die",£26.08,Five,In stock
"1,000 Places to See Before You Die",£26.08,Five,In stock
"1,000 Places to See Before You Die",£26.08,Five,In stock
"1,000 Places to See Before You Die",£26.08,Five,In stock
"1,000 Places to See Before You Die",£26.08,Five,In stock
"1,000 Places to See Before You Die",£26.08,Five,In stock
"1,000 Places to See Before You Die",£26.08,Five,In stock
"1,000 Places to See Before You Die",£26.08,Five,In stock
"1,000 Places to See Before You Die",£26.08,Five,In stock
"1,000 Places to See Before You Die",£26.08,Five,In stock
"1,000 Places to See Before You Die",£26.08,Five,In stock
"1,000 Places to See Before You Die",£26.08,Five,In stock
"1,000 Places to See Before You Die",£26.08,Five,In stock
"1,000 Places to See Before You Die",£26.08,Five,In stock
"1,000 Places to See Before You Die",£26.08,Five,In stock
"1,000 Places to See Before You Die",£26.08,Five,In stock
"1,000 Places to See Before You Die",£26.08,Five,In stock
"1,000 Places to See Before You Die",£26.08,Five,In stock
"1,000 Places to See Before You Die",£26.08,Five,In stock
"1,000 Places to See Before You Die",£26.08,Five,In stock
"1,000 Places to See Before You Die",£26.08,Five,In stock
"1,000 Places to See Before You Die",£26.08,Five,In stock
"1,000 Places to See Before You Die",£26.08,Five,In stock
"1,000 Places to See Before You Die",£26.08,Five,In stock
"1,000 Places to See Before You Die",£26.08,Five,In stock
"1,000 Places to See Before You Die",£26.08,Five,In stock
"1,000 Places to See Before You Die",£26.08,Five,In stock
"1,000 Places to See Before You Die",£26.08,Five,In stock
"1,000 Places to See Before You Die",£26.08,Five,In stock
"1,000 Places to See Before You Die",£26.08,Five,In stock
"1,000 Places to See Before You Die",£26.08,Five,In stock
"1,000 Places to See Before You Die",£26.08,Five,In stock
"1,000 Places to See Before You Die",£26.08,Five,In stock
"1,000 Places to See Before You Die",£26.08,Five,In stock
"1,000 Places to See Before You Die",£26.08,Five,In stock
"1,000 Places to See Before You Die",£26.08,Five,In stock
"1,000 Places to See Before You Die",£26.08,Five,In stock
"1,000 Places to See Before You Die",£26.08,Five,In stock
"1,000 Places to See Before You Die",£26.08,Five,In stock
"1,000 Places to See Before You Die",£26.08,Five,In stock
"1,000 Places to See Before You Die",£26.08,Five,In stock
"1,000 Places to See Before You Die",£26.08,Five,In stock
"1,000 Places to See Before You Die",£26.08,Five,In stock
"1,000 Places to See Before You Die",£26.08,Five,In stock
"1,000 Places to See Before You Die",£26.08,Five,In stock
"1,000 Places to See Before You Die",£26.08,Five,In stock
"1,000 Places to See Before You Die",£26.08,Five,In stock
"1,000 Places to See Before You Die",£26.08,Five,In stock
"1,000 Places to See Before You Die",£26.08,Five,In stock
"1,000 Places to See Before You Die",£26.08,Five,In stock
"1,000 Places to See Before You Die",£26.08,Five,In stock
"1,000 Places to See Before You Die",£26.08,Five,In stock
"1,000 Places to See Before You Die",£26.08,Five,In stock
"1,000 Places to See Before You Die",£26.08,Five,In stock
"1,000 Places to See Before You Die",£26.08,Five,In stock
"1,000 Places to See Before You Die",£26.08,Five,In stock
"1,000 Places to See Before You Die",£26.08,Five,In stock
"1,000 Places to See Before You Die",£26.08,Five,In stock
"1,000 Places to See Before You Die",£26.08,Five,In stock
"1,000 Places to See Before You Die",£26.08,Five,In stock
"1,000 Places to See Before You Die",£26.08,Five,In stock
"1,000 Places to See Before You Die",£26.08,Five,In stock
"1,000 Places to See Before You Die",£26.08,Five,In stock
"1,000 Places to See Before You Die",£26.08,Five,In stock
"1,000 Places to See Before You Die",£26.08,Five,In stock
"1,000 Places to See Before You Die",£26.08,Five,In stock
"1,000 Places to See Before You Die",£26.08,Five,In stock
"1,000 Places to See Before You Die",£26.08,Five,In stock
"1,000 Places to See Before You Die",£26.08,Five,In stock
"1,000 Places to See Before You Die",£26.08,Five,In stock
"1,000 Places to See Before You Die",£26.08,Five,In stock
"1,000 Places to See Before You Die",£26.08,Five,In stock
"1,000 Places to See Before You Die",£26.08,Five,In stock
"1,000 Places to See Before You Die",£26.08,Five,In stock
"1,000 Places to See Before You Die",£26.08,Five,In stock
"1,000 Places to See Before You Die",£26.08,Five,In stock
"1,000 Places to See Before You Die",£26.08,Five,In stock
"1,000 Places to See Before You Die",£26.08,Five,In stock
"1,000 Places to See Before You Die",£26.08,Five,In stock
"1,000 Places to See Before You Die",£26.08,Five,In stock
"1,000 Places to See Before You Die",£26.08,Five,In stock
"1,000 Places to See Before You Die",£26.08,Five,In stock
"1,000 Places to See Before You Die",£26.08,Five,In stock
"1,000 Places to See Before You Die",£26.08,Five,In stock
"1,000 Places to See Before You Die",£26.08,Five,In stock
"1,000 Places to See Before You Die",£26.08,Five,In stock
"1,000 Places to See Before You Die",£26.08,Five,In stock
"1,000 Places to See Before You Die",£26.08,Five,In stock
"1,000 Places to See Before You Die",£26.08,Five,In stock
"1,000 Places to See Before You Die",£26.08,Five,In stock
"1,000 Places to See Before You Die",£26.08,Five,In stock
"1,000 Places to See Before You Die",£26.08,Five,In stock
"1,000 Places to See Before You Die",£26.08,Five,In stock
"1,000 Places to See Before You Die",£26.08,Five,In stock
"1,000 Places to See Before You Die",£26.08,Five,In stock
"1,000 Places to See Before You Die",£26.08,Five,In stock
"1,000 Places to See Before You Die",£26.08,Five,In stock
"1,000 Places to See Before You Die",£26.08,Five,In stock
"1,000 Places to See Before You Die",£26.08,Five,In stock
"1,000 Places to See Before You Die",£26.08,Five,In stock
"1,000 Places to See Before You Die",£26.08,Five,In stock
"1,000 Places to See Before You Die",£26.08,Five,In stock
"1,000 Places to See Before You Die",£26.08,Five,In stock
"1,000 Places to See Before You Die",£26.08,Five,In stock
"1,000 Places to See Before You Die",£26.08,Five,In stock
"1,000 Places to See Before You Die",£26.08,Five,In stock
"1,000 Places to See Before You Die",£26.08,Five,In stock
"1,000 Places to See Before You Die",£26.08,Five,In stock
"1,000 Places to See Before You Die",£26.08,Five,In stock
"1,000 Places to See Before You Die",£26.08,Five,In stock
"1,000 Places to See Before You Die",£26.08,Five,In stock
"1,000 Places to See Before You Die",£26.08,Five,In stock
"1,000 Places to See Before You Die",£26.08,Five,In stock
"1,000 Places to See Before You Die",£26.08,Five,In stock
"1,000 Places to See Before You Die",£26.08,Five,In stock
"1,000 Places to See Before You Die",£26.08,Five,In stock
"1,000 Places to See Before You Die",£26.08,Five,In stock
"1,000 Places to See Before You Die",£26.08,Five,In stock
"1,000 Places to See Before You Die",£26.08,Five,In stock
"1,000 Places to See Before You Die",£26.08,Five,In stock
"1,000 Places to See Before You Die",£26.08,Five,In stock
"1,000 Places to See Before You Die",£26.08,Five,In stock
"1,000 Places to See Before You Die",£26.08,Five,In stock
"1,000 Places to See Before You Die",£26.08,Five,In stock
"1,000 Places to See Before You Die",£26.08,Five,In stock
"1,000 Places to See Before You Die",£26.08,Five,In stock
"1,000 Places to See Before You Die",£26.08,Five,In stock
"1,000 Places to See Before You Die",£26.08,Five,In stock
"1,000 Places to See Before You Die",£26.08,Five,In stock
"1,000 Places to See Before You Die",£26.08,Five,In stock
"1,000 Places to See Before You Die",£26.08,Five,In stock
"1,000 Places to See Before You Die",£26.08,Five,In stock
"1,000 Places to See Before You Die",£26.08,Five,In stock
"1,000 Places to See Before You Die",£26.08,Five,In stock
"1,000 Places to See Before You Die",£26.08,Five,In stock
"1,000 Places to See Before You Die",£26.08,Five,In stock
"1,000 Places to See Before You Die",£26.08,Five,In stock
"1,000 Places to See Before You Die",£26.08,Five,In stock
"1,000 Places to See Before You Die",£26.08,Five,In stock
"1,000 Places to See Before You Die",£26.08,Five,In stock
"1,000 Places to See Before You Die",£26.08,Five,In stock
"1,000 Places to See Before You Die",£26.08,Five,In stock
"1,000 Places to See Before You Die",£26.08,Five,In stock
"1,000 Places to See Before You Die",£26.08,Five,In stock
"1,000 Places to See Before You Die",£26.08,Five,In stock
"1,000 Places to See Before You Die",£26.08,Five,In stock
"1,000 Places to See Before You Die",£26.08,Five,In stock
"1,000 Places to See Before You Die",£26.08,Five,In stock
"1,000 Places to See Before You Die",£26.08,Five,In stock
"1,000 Places to See Before You Die",£26.08,Five,In stock
"1,000 Places to See Before You Die",£26.08,Five,In stock
"1,000 Places to See Before You Die",£26.08,Five,In stock
"1,000 Places to See Before You Die",£26.08,Five,In stock
"1,000 Places to See Before You Die",£26.08,Five,In stock
"1,000 Places to See Before You Die",£26.08,Five,In stock
"1,000 Places to See Before You Die",£26.08,Five,In stock
"1,000 Places to See Before You Die",£26.08,Five,In stock
"1,000 Places to See Before You Die",£26.08,Five,In stock
"1,000 Places to See Before You Die",£26.08,Five,In stock
"1,000 Places to See Before You Die",£26.08,Five,In stock
"1,000 Places to See Before You Die",£26.08,Five,In stock
"1,000 Places to See Before You Die",£26.08,Five,In stock
"1,000 Places to See Before You Die",£26.08,Five,In stock
"1,000 Places to See Before You Die",£26.08,Five,In stock
"1,000 Places to See Before You Die",£26.08,Five,In stock
"1,000 Places to See Before You Die",£26.08,Five,In stock
"1,000 Places to See Before You Die",£26.08,Five,In stock
"1,000 Places to See Before You Die",£26.08,Five,In stock
"1,000 Places to See Before You Die",£26.08,Five,In stock
"1,000 Places to See Before You Die",£26.08,Five,In stock
"1,000 Places to See Before You Die",£26.08,Five,In stock
"1,000 Places to See Before You Die",£26.08,Five,In stock
"1,000 Places to See Before You Die",£26.08,Five,In stock
"1,000 Places to See Before You Die",£26.08,Five,In stock
"1,000 Places to See Before You Die",£26.08,Five,In stock
"1,000 Places to See Before You Die",£26.08,Five,In stock
"1,000 Places to See Before You Die",£26.08,Five,In stock
"1,000 Places to See Before You Die",£26.08,Five,In stock
"1,000 Places to See Before You Die",£26.08,Five,In stock
"1,000 Places to See Before You Die",£26.08,Five,In stock
"1,000 Places to See Before You Die",£26.08,Five,In stock
"1,000 Places to See Before You Die",£26.08,Five,In stock
"1,000 Places to See Before You Die",£26.08,Five,In stock
"1,000 Places to See Before You Die",£26.08,Five,In stock
"1,000 Places to See Before You Die",£26.08,Five,In stock
"1,000 Places to See Before You Die",£26.08,Five,In stock
"1,000 Places to See Before You Die",£26.08,Five,In stock
"1,000 Places to See Before You Die",£26.08,Five,In stock
"1,000 Places to See Before You Die",£26.08,Five,In stock
"1,000 Places to See Before You Die",£26.08,Five,In stock
"1,000 Places to See Before You Die",£26.08,Five,In stock
"1,000 Places to See Before You Die",£26.08,Five,In stock
"1,000 Places to See Before You Die",£26.08,Five,In stock
"1,000 Places to See Before You Die",£26.08,Five,In stock
"1,000 Places to See Before You Die",£26.08,Five,In stock
"1,000 Places to See Before You Die",£26.08,Five,In stock
"1,000 Places to See Before You Die",£26.08,Five,In stock
"1,000 Places to See Before You Die",£26.08,Five,In stock
"1,000 Places to See Before You Die",£26.08,Five,In stock
"1,000 Places to See Before You Die",£26.08,Five,In stock
"1,000 Places to See Before You Die",£26.08,Five,In stock
"1,000 Places to See Before You Die",£26.08,Five,In stock
"1,000 Places to See Before You Die",£26.08,Five,In stock
"1,000 Places to See Before You Die",£26.08,Five,In stock
"1,000 Places to See Before You Die",£26.08,Five,In stock
"1,000 Places to See Before You Die",£26.08,Five,In stock
"1,000 Places to See Before You Die",£26.08,Five,In stock
"1,000 Places to See Before You Die",£26.08,Five,In stock
"1,000 Places to See Before You Die",£26.08,Five,In stock
"1,000 Places to See Before You Die",£26.08,Five,In stock
"1,000 Places to See Before You Die",£26.08,Five,In stock
"1,000 Places to See Before You Die",£26.08,Five,In stock
"1,000 Places to See Before You Die",£26.08,Five,In stock
"1,000 Places to See Before You Die",£26.08,Five,In stock
"1,000 Places to See Before You Die",£26.08,Five,In stock
"1,000 Places to See Before You Die",£26.08,Five,In stock
"1,000 Places to See Before You Die",£26.08,Five,In stock
"1,000 Places to See Before You Die",£26.08,Five,In stock
"1,000 Places to See Before You Die",£26.08,Five,In stock
"1,000 Places to See Before You Die",£26.08,Five,In stock
"1,000 Places to See Before You Die",£26.08,Five,In stock
"1,000 Places to See Before You Die",£26.08,Five,In stock
"1,000 Places to See Before You Die",£26.08,Five,In stock
"1,000 Places to See Before You Die",£26.08,Five,In stock
"1,000 Places to See Before You Die",£26.08,Five,In stock
"1,000 Places to See Before You Die",£26.08,Five,In stock
"1,000 Places to See Before You Die",£26.08,Five,In stock
"1,000 Places to See Before You Die",£26.08,Five,In stock
"1,000 Places to See Before You Die",£26.08,Five,In stock
"1,000 Places to See Before You Die",£26.08,Five,In stock
"1,000 Places to See Before You Die",£26.08,Five,In stock
"1,000 Places to See Before You Die",£26.08,Five,In stock
"1,000 Places to See Before You Die",£26.08,Five,In stock
"1,000 Places to See Before You Die",£26.08,Five,In stock
"1,000 Places to See Before You Die",£26.08,Five,In stock
"1,000 Places to See Before You Die",£26.08,Five,In stock
"1,000 Places to See Before You Die",£26.08,Five,In stock
"1,000 Places to See Before You Die",£26.08,Five,In stock
"1,000 Places to See Before You Die",£26.08,Five,In stock
"1,000 Places to See Before You Die",£26.08,Five,In stock
"1,000 Places to See Before You Die",£26.08,Five,In stock
"1,000 Places to See Before You Die",£26.08,Five,In stock
"1,000 Places to See Before You Die",£26.08,Five,In stock
"1,000 Places to See Before You Die",£26.08,Five,In stock
"1,000 Places to See Before You Die",£26.08,Five,In stock
"1,000 Places to See Before You Die",£26.08,Five,In stock
"1,000 Places to See Before You Die",£26.08,Five,In stock
"1,000 Places to See Before You Die",£26.08,Five,In stock
"1,000 Places to See Before You Die",£26.08,Five,In stock
"1,000 Places to See Before You Die",£26.08,Five,In stock
"1,000 Places to See Before You Die",£26.08,Five,In stock
"1,000 Places to See Before You Die",£26.08,Five,In stock
